INSERT INTO counties (county_id, name, judicial_circuit) VALUES
('13001', 'Appling', 'Brunswick'),
('13003', 'Atkinson', 'Alapaha'),
('13005', 'Bacon', 'Waycross'),
('13007', 'Baker', 'South Georgia'),
('13009', 'Baldwin', 'Ocmulgee'),
('13011', 'Banks', 'Mountain'),
('13013', 'Barrow', 'Piedmont'),
('13015', 'Bartow', 'Cherokee'),
('13017', 'Ben Hill', 'Cordele'),
('13019', 'Berrien', 'Alapaha'),
('13021', 'Bibb', 'Macon'),
('13023', 'Bleckley', 'Oconee'),
('13025', 'Brantley', 'Waycross'),
('13027', 'Brooks', 'Southern'),
('13029', 'Bryan', 'Atlantic'),
('13031', 'Bulloch', 'Ogeechee'),
('13033', 'Burke', 'Augusta'),
('13035', 'Butts', 'Towaliga'),
('13037', 'Calhoun', 'South Georgia'),
('13039', 'Camden', 'Brunswick'),
('13043', 'Candler', 'Middle'),
('13045', 'Carroll', 'West Georgia'),
('13047', 'Catoosa', 'Lookout Mountain'),
('13049', 'Charlton', 'Waycross'),
('13051', 'Chatham', 'Eastern'),
('13053', 'Chattahoochee', 'Chattahoochee'),
('13055', 'Chattooga', 'Lookout Mountain'),
('13057', 'Cherokee', 'Blue Ridge'),
('13059', 'Clarke', 'Western'),
('13061', 'Clay', 'Pataula'),
('13063', 'Clayton', 'Clayton'),
('13065', 'Clinch', 'Alapaha'),
('13067', 'Cobb', 'Cobb'),
('13069', 'Coffee', 'Waycross'),
('13071', 'Colquitt', 'Southern'),
('13073', 'Columbia', 'Columbia'),
('13075', 'Cook', 'Alapaha'),
('13077', 'Coweta', 'Coweta'),
('13079', 'Crawford', 'Macon'),
('13081', 'Crisp', 'Cordele'),
('13083', 'Dade', 'Lookout Mountain'),
('13085', 'Dawson', 'Northeastern'),
('13087', 'Decatur', 'South Georgia'),
('13089', 'DeKalb', 'DeKalb'),
('13091', 'Dodge', 'Oconee'),
('13093', 'Dooly', 'Cordele'),
('13095', 'Dougherty', 'Dougherty'),
('13097', 'Douglas', 'Douglas'),
('13099', 'Early', 'Pataula'),
('13101', 'Echols', 'Southern'),
('13103', 'Effingham', 'Ogeechee'),
('13105', 'Elbert', 'Northern'),
('13107', 'Emanuel', 'Middle'),
('13109', 'Evans', 'Atlantic'),
('13111', 'Fannin', 'Appalachian'),
('13113', 'Fayette', 'Griffin'),
('13115', 'Floyd', 'Rome'),
('13117', 'Forsyth', 'Bell-Forsyth'),
('13119', 'Franklin', 'Northern'),
('13121', 'Fulton', 'Atlanta'),
('13123', 'Gilmer', 'Appalachian'),
('13125', 'Glascock', 'Toombs'),
('13127', 'Glynn', 'Brunswick'),
('13129', 'Gordon', 'Cherokee'),
('13131', 'Grady', 'South Georgia'),
('13133', 'Greene', 'Ocmulgee'),
('13135', 'Gwinnett', 'Gwinnett'),
('13137', 'Habersham', 'Mountain'),
('13139', 'Hall', 'Northeastern'),
('13141', 'Hancock', 'Ocmulgee'),
('13143', 'Haralson', 'Tallapoosa'),
('13145', 'Harris', 'Chattahoochee'),
('13147', 'Hart', 'Northern'),
('13149', 'Heard', 'West Georgia'),
('13151', 'Henry', 'Flint'),
('13153', 'Houston', 'Houston'),
('13155', 'Irwin', 'Tifton'),
('13157', 'Jackson', 'Piedmont'),
('13159', 'Jasper', 'Ocmulgee'),
('13161', 'Jeff Davis', 'Brunswick'),
('13163', 'Jefferson', 'Middle'),
('13165', 'Jenkins', 'Ogeechee'),
('13167', 'Johnson', 'Dublin'),
('13169', 'Jones', 'Ocmulgee'),
('13171', 'Lamar', 'Towaliga'),
('13173', 'Lanier', 'Alapaha'),
('13175', 'Laurens', 'Dublin'),
('13177', 'Lee', 'Southwestern'),
('13179', 'Liberty', 'Atlantic'),
('13181', 'Lincoln', 'Toombs'),
('13183', 'Long', 'Atlantic'),
('13185', 'Lowndes', 'Southern'),
('13187', 'Lumpkin', 'Enotah'),
('13189', 'Macon', 'Southwestern'),
('13191', 'Madison', 'Northern'),
('13193', 'Marion', 'Chattahoochee'),
('13195', 'McDuffie', 'Toombs'),
('13197', 'McIntosh', 'Atlantic'),
('13199', 'Meriwether', 'Coweta'),
('13201', 'Miller', 'Pataula'),
('13205', 'Mitchell', 'South Georgia'),
('13207', 'Monroe', 'Towaliga'),
('13209', 'Montgomery', 'Oconee'),
('13211', 'Morgan', 'Ocmulgee'),
('13213', 'Murray', 'Conasauga'),
('13215', 'Muscogee', 'Chattahoochee'),
('13217', 'Newton', 'Alcovy'),
('13219', 'Oconee', 'Western'),
('13221', 'Oglethorpe', 'Northern'),
('13223', 'Paulding', 'Paulding'),
('13225', 'Peach', 'Macon'),
('13227', 'Pickens', 'Appalachian'),
('13229', 'Pierce', 'Waycross'),
('13231', 'Pike', 'Griffin'),
('13233', 'Polk', 'Tallapoosa'),
('13235', 'Pulaski', 'Oconee'),
('13237', 'Putnam', 'Ocmulgee'),
('13239', 'Quitman', 'Pataula'),
('13241', 'Rabun', 'Mountain'),
('13243', 'Randolph', 'Pataula'),
('13245', 'Richmond', 'Augusta'),
('13247', 'Rockdale', 'Rockdale'),
('13249', 'Schley', 'Southwestern'),
('13251', 'Screven', 'Ogeechee'),
('13253', 'Seminole', 'Pataula'),
('13255', 'Spalding', 'Griffin'),
('13257', 'Stephens', 'Mountain'),
('13259', 'Stewart', 'Southwestern'),
('13261', 'Sumter', 'Southwestern'),
('13263', 'Talbot', 'Chattahoochee'),
('13265', 'Taliaferro', 'Toombs'),
('13267', 'Tattnall', 'Atlantic'),
('13269', 'Taylor', 'Chattahoochee'),
('13271', 'Telfair', 'Oconee'),
('13273', 'Terrell', 'Pataula'),
('13275', 'Thomas', 'Southern'),
('13277', 'Tift', 'Tifton'),
('13279', 'Toombs', 'Middle'),
('13281', 'Towns', 'Enotah'),
('13283', 'Treutlen', 'Dublin'),
('13285', 'Troup', 'Coweta'),
('13287', 'Turner', 'Tifton'),
('13289', 'Twiggs', 'Dublin'),
('13291', 'Union', 'Enotah'),
('13293', 'Upson', 'Griffin'),
('13295', 'Walker', 'Lookout Mountain'),
('13297', 'Walton', 'Alcovy'),
('13299', 'Ware', 'Waycross'),
('13301', 'Warren', 'Toombs'),
('13303', 'Washington', 'Middle'),
('13305', 'Wayne', 'Brunswick'),
('13307', 'Webster', 'Southwestern'),
('13309', 'Wheeler', 'Oconee'),
('13311', 'White', 'Enotah'),
('13313', 'Whitfield', 'Conasauga'),
('13315', 'Wilcox', 'Cordele'),
('13317', 'Wilkes', 'Toombs'),
('13319', 'Wilkinson', 'Ocmulgee'),
('13321', 'Worth', 'Tifton');

INSERT INTO people (name, phone, fax, image_url, position) VALUES
('JEFF LANGLEY', '706-439-6027', '706-745-6029', '', 'District Attorney'),
('SARAH JAPOUR', NULL, NULL, '', 'District Attorney'),
('DONNA C. STRIBLING', '404-371-2201', '404-371-7048', '', 'Solicitor-General'),
('Sonya Compton', '770-489-5238', '678-838-2061', '', 'Solicitor-General'),
('J. Matthew Williamson', '706-638-4352', '706-638-5001', '', 'Solicitor-General'),
('RANDY MCGINLEY', '770-784-2070', '770-784-2069', '', 'District Attorney'),
('THOMAS PETERSON', '912-526-3803', NULL, '', 'Solicitor-General'),
('ANITA HOWARD', '478-621-6427', '478-621-6418', '', 'District Attorney'),
('Chestley N. Merritt Jr.', '912-876-7228', NULL, '', 'Solicitor-General'),
('KEITH HIGGINS', '912-554-7200', '912-267-5360', 'https://pacga.org/wp-content/uploads/2018/12/Keith-Higgins.png', 'District Attorney'),
('BENJAMIN KENEMER', '706-876-1300', '706-876-1316', '', 'District Attorney'),
('PATRICK M. SHEPHERD', '770-467-4350', '770-467-4355', '', 'Solicitor-General'),
('LEIGH PATTERSON', '706-291-5210', '706-291-5163', '', 'District Attorney'),
('JESSICA MARTIN', '706-754-9000', '706-754-0764', '', 'Solicitor-General'),
('WILLIAM A FINCH', '770-781-2145', NULL, '', 'Solicitor-General'),
('BRAD RIGBY', '229-271-4735', '229-271-4739', 'https://pacga.org/wp-content/uploads/2021/01/DA_Brad-Rigby-199x300.jpg', 'District Attorney'),
('Lisamarie Bristol', '770-822-8300', '770-822-8339', '', 'Solicitor-General'),
('WILLIAM DONALD KELLY, JR.', '706-653-4336', '706-653-4345', '', 'District Attorney'),
('HAROLD MCLENDON', '478-272-0440', '478-272-0559', '', 'District Attorney'),
('SHALENA COOK JONES', '912-652-7308', '912-652-7328', '', 'District Attorney'),
('CLAYTON M. FULLER', '706-638-2121', '706-638-4821', '', 'District Attorney'),
('TIMOTHY VAUGHN', '478-374-3482', '478-374-0227', 'https://pacga.org/wp-content/uploads/2019/01/vaughn_tim_2017.jpg', 'District Attorney'),
('TRIPP FITZNER', '478-237-7846', '478-237-6836', '', 'District Attorney'),
('RICHARD BRAUN', '912-437-5482', '912-368-2979', '', 'Solicitor-General'),
('J. Skye Gess', '478-445-4445', '478-445-5656', '', 'Solicitor-General'),
('WILLIAM DOUPE', '706-595-7175', '706-595-8616', '', 'District Attorney'),
('MICKEY WALLER', '229-985-3858', NULL, '', 'Solicitor-General'),
('GREGORY W. EDWARDS', '229-431-3233', '229-431-2167', 'https://pacga.org/wp-content/uploads/2019/01/edwards_greg.jpg', 'District Attorney'),
('Charles A. Ferenchick', '229-377-1200', '229-377-1202', '', 'Solicitor-General'),
('ANN PICKETT', '706-866-1215', NULL, '', 'Solicitor-General'),
('Ronald McNease, Jr.', '229-724-3011', '229-724-3015', '', 'District Attorney'),
('DALTON D DOWDY', '706-547-4090', '706-547-0502', '', 'Solicitor-General'),
('ROBERT M MOCK JR', '912-564-7601', '912-564-2622', '', 'Solicitor-General'),
('ALISHA JOHNSON', '770-278-7990', '770-785-5946', '', 'District Attorney'),
('JOE MULHOLLAND', '229-246-1823', '229-246-7518', '', 'District Attorney'),
('Rebecca Jackson', '770-830-5908', '770-830-5987', '', 'Solicitor-General'),
('BILLY JOE NELSON JR.', '912-876-4151', '912-876-4305', '', 'District Attorney'),
('GEORGE R CHRISTIAN', '706-839-0370', '706-754-6183', '', 'District Attorney'),
('ROBERT BUSBEE', '912-764-9924', '912-489-2907', '', 'District Attorney'),
('INEZ GRANT', '770-531-7012', '770-531-7020', '', 'Solicitor-General'),
('LUANA NOLEN', '678-981-4370', '678-981-4378', '', 'Solicitor-General'),
('PENNY PENN', '770-781-2125', '770-781-2236', '', 'District Attorney'),
('LEWIS LAMB', '229-924-5411', '229-928-4271', '', 'District Attorney'),
('MARILYN BENNETT', '912-287-4395', '912-287-4399', '', 'District Attorney'),
('JARED ROBERTS', '912-384-8612', '912-383-9088', '', 'Solicitor-General'),
('CHASE STUDSTILL', '229-686-7015', '229-686-7170', '', 'District Attorney'),
('JONATHAN ADAMS', '770-504-2407', '770-504-2410', 'https://pacga.org/wp-content/uploads/2018/12/Towaliga-District-Attorney-Jonathan-L-Adams-253x300.jpg', 'District Attorney'),
('BRAD SMITH', '706-387-6288', '706-387-6315', '', 'District Attorney'),
('RYAN W. ENGLISH', '478-218-4880', '478-218-4885', '', 'Solicitor-General'),
('PAUL CALHOUN', '912-529-3131', '912-335-3393', '', 'Solicitor-General'),
('DOUGLAS R WOODRUFF', '706-965-4477', '706-965-3181', '', 'Solicitor-General'),
('Tasha M Mosley', '770-477-3450', '770-477-4577', 'https://pacga.org/wp-content/uploads/2021/01/tasha_mosley-300x300.jpg', 'District Attorney'),
('BRADFIELD SHEALY', '229-244-7170', '229-245-5281', '', 'District Attorney'),
('JOHN H. CRANFORD', '770-254-7300', '770-254-7305', '', 'District Attorney'),
('FANI WILLIS', '404-612-4981', NULL, '', 'District Attorney'),
('SUSAN K. TREADAWAY', '770-479-1488', '770-479-3105', '', 'District Attorney'),
('MAKIA METZGER', '770-528-8500', '770-528-8590', '', 'Solicitor-General'),
('PATRICK WARREN', '229-386-7900', '229-386-7957', '', 'District Attorney'),
('MATTHEW FRANKLIN', '706-437-0464', '706-437-0962', '', 'Solicitor-General'),
('SONYA ALLEN', '770-528-3080', '770-528-3035', '', 'District Attorney'),
('SHERRY BOSTON', '404-371-2232', '404-371-2981', 'https://pacga.org/wp-content/uploads/2018/12/Boston-Sherry-2025-225x300.jpeg', 'District Attorney'),
('MARIE GREENE BRODER', '770-716-4250', '770-716-4857', '', 'District Attorney'),
('PATSY AUSTIN-GATSON', '770-822-8400', '770-822-8465', '', 'District Attorney'),
('SHEVON S THOMAS', '706-653-4327', NULL, '', 'Solicitor-General'),
('LEE DARRAGH', '770-531-6965', '770-531-6970', 'https://pacga.org/wp-content/uploads/2018/12/district-attorney_Lee-Darragh.jpg', 'District Attorney'),
('ERIC EDWARDS', '478-218-4810', '478-218-4815', '', 'District Attorney'),
('JARED WILLIAMS', '706-821-1135', '706-821-1237', '', 'District Attorney'),
('PAMELA BETTIS', '770-288-7178', '770-288-7195', '', 'Solicitor-General'),
('Melissa Poole', '912-876-4151', '912-876-4305', '', 'Solicitor-General'),
('AMY GODFREY', '770-254-2646', NULL, '', 'Solicitor-General'),
('JOSEPH R JOHNSON, JR.', '912-287-4358', '912-287-4457', '', 'Solicitor-General'),
('Sandra H. Taylor', '706-883-1726', '706-883-1640', '', 'Solicitor-General'),
('JAESON SMITH', '770-749-2106', '770-749-2145', '', 'District Attorney'),
('ADAM FERRELL', '912-449-2049', '912-449-2105', '', 'Solicitor-General'),
('WRIGHT BARKSDALE', '478-986-3166', '478-986-1985', '', 'District Attorney'),
('MATT EASOM', NULL, NULL, '', 'Solicitor-General'),
('KALKI YALAMANCHILI', '706-613-3240', '706-613-3247', '', 'District Attorney'),
('SANFORD HILL', '706-857-0704', '706-857-0877', '', 'Solicitor-General'),
('DON MONTGOMERY', '912-653-5258', NULL, '', 'Solicitor-General'),
('Charles Brooks', '770-477-3380', '770-477-3449', '', 'Solicitor-General'),
('MARIA LUGUE', '912-554-7380', '912-267-5685', '', 'Solicitor-General'),
('TABITHA PAYNE', '229.246.7030', NULL, '', 'Solicitor-General'),
('ELIZABETH TORRES', '229-777-0772', NULL, '', 'Solicitor-General'),
('WILLIAM FLEENOR', '706-613-3215', '706-613-3229', '', 'Solicitor-General'),
('OMEEKA LOGGINS', '706-821-1175', '706-821-1183', '', 'Solicitor-General'),
('REBECCA L GRIST', '478-621-6572', '478-621-6339', 'https://pacga.org/wp-content/uploads/2019/01/rebecca_grist.jpg', 'Solicitor-General'),
('Samuel J. DeRocco, IV', NULL, NULL, '', 'Solicitor-General'),
('ERLE J. NEWTON', '770-387-5080', NULL, '', 'District Attorney'),
('DALIA RACINE', '770-920-7292', '770-920-7123', '', 'District Attorney'),
('JASON HOFFMAN', '229-386-7950', '229-382-6701', '', 'Solicitor-General'),
('BRENT CARTER', '912-685-5500', '912-685-5030', '', 'Solicitor-General'),
('CINDY DELGADO', '478-237-3260', NULL, '', 'Solicitor-General'),
('WILLIAM E CALLAWAY, JR.', '912-739-2533', NULL, '', 'Solicitor-General'),
('JUSTO CABRAL', '229-671-2510', '229-671-2593', 'https://pacga.org/wp-content/uploads/2018/12/Justo-Cabral_Lowndes-SG-229x300.jpg', 'Solicitor-General'),
('BENJAMIN D. HARRELL', '229-726-5892', NULL, '', 'Solicitor-General'),
('BOBBY CHRISTINE', '706-447-6780', NULL, '', 'District Attorney'),
('GABRIEL BRADFORD', '706-387-6331', '706-387-6344', '', 'Solicitor-General'),
('ANDY R BEAVER', '912-427-5928', NULL, '', 'Solicitor-General'),
('JAMIE INAGAWA', '770-716-4260', '770-716-4858', '', 'Solicitor-General'),
('KEITH E. GAMMAGE', '404-612-4800', '404-730-6968', 'https://pacga.org/wp-content/uploads/2021/04/Keith-Gammage-6-200x300.jpg', 'Solicitor-General'),
('D. PARKS WHITE', '706-376-3128', '706-376-1620', '', 'District Attorney'),
('GRAHAM FLOYD', NULL, NULL, '', 'Solicitor-General'),
('CATHERINE A. SUMNER', '912-489-6622', '912-489-7808', '', 'Solicitor-General'),
('BRADLEY L. COLLINS', '912-496-2361', NULL, '', 'Solicitor-General'),
('ROBERT LANE', '770-443-7561', '770-443-7538', '', 'District Attorney'),
('Todd Hayes', '678-493-6360', '678-493-6362', 'https://pacga.org/wp-content/uploads/2018/12/Todd-Headshot-2.jpg', 'Solicitor-General'),
('Frank Wood', '706-635-5381', '706-635-6303', '', 'District Attorney'),
('SPENCER TYSON', '912-764-9055', NULL, '', 'Solicitor-General'),
('GREGORY N. SASSER', '912-493-4679', NULL, '', 'Solicitor-General'),
('JOE SKEENS', '912-876-4151', '912-876-4305', '', 'Solicitor-General'),
('ANDREW W POPE', '229-226-7343', '229-226-8937', '', 'Solicitor-General'),
('DARIUS PATTILLO', '770-288-6400', '770-954-2135', '', 'District Attorney'),
('Vacant', '770-867-1916', NULL, '', 'Solicitor-General');

INSERT INTO addresses (person_id, street_address, city, state, zip_code) VALUES
(1, '65 Courthouse Street', 'Box 6 Blairsville', 'Georgia', '30512'),
(2, 'PO Box 338', 'Carrollton', 'Georgia', '30112'),
(3, '556 N. McDonough St.', 'Suite 500 Decatur', 'Georgia', '30030'),
(4, '8700 Hospital Drive', '3rd Floor Douglasville', 'Georgia', '30134'),
(5, 'P.O. Box 625', 'Lafayette', 'Georgia', '30728'),
(6, '1132 Usher St.', 'Rm. 313 Covington', 'Georgia', '30014'),
(7, 'P.O.Box 112', 'Lyons', 'Georgia', '30436'),
(8, '601 Mulberry Street', 'Macon', 'Georgia', '31201'),
(9, '201 South Main St.', 'Hinesville', 'Georgia', '31310'),
(10, '701 "H" Street', 'Brunswick', 'Georgia', '31520'),
(11, 'P. O. Box 1086', 'Dalton', 'Georgia', '30722-0953'),
(12, 'P.O. Box 648', 'Griffin', 'Georgia', '30224'),
(13, '3 Government Plaza', 'Suite 108 Rome', 'Georgia', '30161'),
(14, 'P.O. Box 2587', 'Clarkesville', 'Georgia', '30523'),
(15, '101 East Courthouse Square', 'Cumming', 'Georgia', '30040'),
(16, 'PO Box 5510', 'Cordele', 'Georgia', '31010'),
(17, 'GJAC - 75 Langley Drive', 'Lawrenceville', 'Georgia', '30046'),
(18, 'P. O. Box 1340', 'Columbus', 'Georgia', '31902'),
(19, 'PO Box 2029', 'Dublin', 'Georgia', '31040'),
(20, 'PO Box 2309', 'Savannah', 'Georgia', '31402'),
(21, 'PO Box 1025', 'Lafayette', 'Georgia', '30728'),
(22, 'P. O. Box 1027', 'Eastman', 'Georgia', '31023-1027'),
(23, 'Post Office Box 590', 'Swainsboro', 'Georgia', '30401'),
(24, 'P.O. Box 791', 'Darien', 'Georgia', '31305'),
(25, '121 N. Wilkinson Street.', 'Suite 313 Milledgeville', 'Georgia', '31061'),
(26, 'P. O. Drawer 966', 'Thomson', 'Georgia', '30824'),
(27, 'P.O. Box 1237', 'Moultrie', 'Georgia', '31776'),
(28, '225 Pine Street', 'PO Box 1827 Albany', 'Georgia', '31702'),
(29, 'P.O. Box 569', 'Cairo', 'Georgia', '39828'),
(30, '12 W. Tugalo St.', 'Toccoa', 'Georgia', '30577'),
(31, 'Magnolia Street Blakely', '39823', 'Georgia', '12850'),
(32, '304 Estelle Street', 'Wrens', 'Georgia', '30833'),
(33, 'P.O. Box 1923', 'Sylvania', 'Georgia', '30467'),
(34, '922 Court Street', 'Room 201 Conyers', 'Georgia', '30012'),
(35, 'P.O. Drawer 1870', 'Bainbridge', 'Georgia', '39818'),
(36, 'P.O. Box 338', 'Carrollton', 'Georgia', '30112'),
(37, '945 E.G. Miles Parkway', 'Hinesville', 'Georgia', '31313'),
(38, '295 Llewellyn Street', 'Suite 250 Clarkesville', 'Georgia', '30523'),
(39, '1 Courtland St.', '2nd Floor Statesboro', 'Georgia', '30458'),
(40, 'P.O. Box 1072', 'Gainesville', 'Georgia', '30503'),
(41, '280 Constitution Blvd. ', 'Dallas', 'Georgia', '30132'),
(42, '101 East Courthouse Square', 'Cumming', 'Georgia', '30040'),
(43, '102 International Blvd', 'Americus', 'Georgia', '31719'),
(44, '306 Albany Avenue', 'Waycross', 'Georgia', '31501'),
(45, '101 S. Peterson Avenue', 'Suite A3 Douglas', 'Georgia', '31533'),
(46, 'PO Box 158', 'Nashville', 'Georgia', '31639'),
(47, '625 W. Third Street', 'Suite 8 Jackson', 'Georgia', '30233'),
(48, '5000 Jackson Parkway', 'Suite 160 Jefferson', 'Georgia', '30549'),
(49, '201 North Perry Parkway', 'Perry', 'Georgia', '31069'),
(50, 'P.O. Box 557', 'Soperton', 'Georgia', '30457'),
(51, 'P.O. Box 1010', 'Ringgold', 'Georgia', '30736'),
(52, 'Harold R. Banke Justice Center', 'Jonesboro', 'Georgia', '30236'),
(53, 'P. O. Box 99', 'Valdosta', 'Georgia', '31603'),
(54, 'P.O. Box 2564', 'Newnan', 'Georgia', '30264'),
(55, '136 Pryor St. SW', 'Room 300 Atlanta', 'Georgia', '30303'),
(56, '90 North Street', 'Suite 390 Canton', 'Georgia', '30114'),
(57, '10 East Park Square', 'Marietta', 'Georgia', '30090'),
(58, 'P.O. Box 1252', 'Tifton', 'Georgia', '31793-1252'),
(59, '195 Court Street', 'Waynesboro', 'Georgia', '30830'),
(60, '70 Haynes Street', 'Marietta', 'Georgia', '30090-9619'),
(61, '556 North McDonough St.', 'Decatur', 'Georgia', '30030'),
(62, 'One Center Drive', 'Fayetteville', 'Georgia', '30214'),
(63, '75 Langley Drive', 'Lawrenceville', 'Georgia', '30046'),
(64, 'P.O. Box 1340', 'Columbus', 'Georgia', '31902'),
(65, 'P. O. Box 1690', 'Gainesville', 'Georgia', '30503'),
(66, '201 Perry Parkway', 'Perry', 'Georgia', '31069'),
(67, '735 James Brown Blvd.', 'Augusta', 'Georgia', '30901'),
(68, 'One Judicial Center', 'Suite 350 McDonough', 'Georgia', '30253'),
(69, 'P.O. Box 339', 'Ludowici', 'Georgia', '31316'),
(70, '72 Greenville Street', 'Newnan', 'Georgia', '30263'),
(71, '800 Church Street', 'Suite B60 Waycross', 'Georgia', '31501'),
(72, '100 Ridley Avenue', 'LaGrange', 'Georgia', '30240'),
(73, '100 Prior Street', 'Room 204 Cedartown', 'Georgia', '30125'),
(74, '3550 U.S. Hwy. 84 West', 'Blackshear', 'Georgia', '31516'),
(75, 'P.O. Box 1209', 'Gray', 'Georgia', '31032'),
(77, '325 East Washington St.', 'Suite 370 Athens', 'Georgia', '30601'),
(78, 'P.O. Box 159', 'Summerville', 'Georgia', '30747'),
(79, '151 South College Street', 'Pembroke', 'Georgia', '31321'),
(80, 'Harold R. Banke Justice Center', 'Jonesboro', 'Georgia', '30236'),
(81, '701 H Street', 'Brunswick', 'Georgia', '31520'),
(82, '108 S. Broad Street', 'Bainbridge', 'Georgia', '39817'),
(83, 'D North Isabella Street', 'Sylvester', 'Georgia', '31791'),
(84, '325 E. Washington Street #550', 'Athens', 'Georgia', '30601'),
(85, '735 James Brown Blvd.', 'Augusta', 'Georgia', '30901'),
(86, '601 Mulberry Street', 'Room 504 Macon', 'Georgia', '31201'),
(87, 'Millen', NULL, 'Georgia', '30442'),
(88, '135 W. Cherokee St. #368', 'Cartersville', 'Georgia', '30120'),
(89, '8700 Hospital Drive', '2nd Floor Douglasville', 'Georgia', '30134'),
(90, 'P.O. Box 7408', 'Tifton', 'Georgia', '31793'),
(91, 'P.O.Box 27', 'Metter', 'Georgia', '30439'),
(92, 'Post Office Box 627', 'Swainsboro', 'Georgia', '30401'),
(93, 'P.O. Box 845', 'Claxton', 'Georgia', '30417'),
(94, 'P.O. Box 1349', 'Valdosta', 'Georgia', '31603-1349'),
(95, 'P.O. Box 513', 'CAMILLA', 'Georgia', '31730'),
(96, '7045 Evans Town Center Blvd', 'Evans', 'Georgia', '30809'),
(97, '5000 Jackson Parkway', 'Suite 260 Jefferson', 'Georgia', '30549'),
(98, '174 N. Brunswick Street', 'Jesup', 'Georgia', '31546'),
(99, 'Fayette County Justice Center', '1 Center Drive Fayetteville', 'Georgia', '30214'),
(100, '160 Pryor Street', 'Suite J-301 Atlanta', 'Georgia', '30303'),
(101, 'P. O. Box 515', 'Hartwell', 'Georgia', '30643'),
(102, 'Baxley', NULL, 'Georgia', NULL),
(103, '2 N. Main Street', 'Statesboro', 'Georgia', '30458'),
(104, '1520 Third Street', 'Suite D Folkston', 'Georgia', '31537'),
(105, '280 Constitution Blvd.', 'Suite 2072 Dallas', 'Georgia', '30132'),
(106, '90 North Street', 'Canton', 'Georgia', '30114'),
(107, '400 West Main Street', 'Suite 200 Blue Ridge', 'Georgia', '30513'),
(108, '12 Siebald Street', 'Statesboro', 'Georgia', '30458'),
(109, 'PO Box 3202', 'Douglas', 'Georgia', '31533'),
(110, 'P.O. Box 217', 'Glennville', 'Georgia', '30427'),
(111, 'P.O. Box 1735', 'Thomasville', 'Georgia', '31799'),
(112, '#1 Courthouse Square', 'McDonough', 'Georgia', '30253'),
(113, '652 Barrow Park Drive', 'Winder', 'Georgia', '30680');

INSERT INTO person_counties (person_id, county_id) VALUES
(1, (SELECT id FROM counties WHERE name = 'Towns')),
(1, (SELECT id FROM counties WHERE name = 'Union')),
(1, (SELECT id FROM counties WHERE name = 'Lumpkin')),
(1, (SELECT id FROM counties WHERE name = 'White')),
(2, (SELECT id FROM counties WHERE name = 'Carroll')),
(2, (SELECT id FROM counties WHERE name = 'Heard')),
(3, (SELECT id FROM counties WHERE name = 'DeKalb')),
(4, (SELECT id FROM counties WHERE name = 'Douglas')),
(5, (SELECT id FROM counties WHERE name = 'Walker')),
(6, (SELECT id FROM counties WHERE name = 'Newton')),
(6, (SELECT id FROM counties WHERE name = 'Walton')),
(7, (SELECT id FROM counties WHERE name = 'Toombs')),
(8, (SELECT id FROM counties WHERE name = 'Bibb')),
(8, (SELECT id FROM counties WHERE name = 'Crawford')),
(8, (SELECT id FROM counties WHERE name = 'Peach')),
(9, (SELECT id FROM counties WHERE name = 'Liberty')),
(10, (SELECT id FROM counties WHERE name = 'Appling')),
(10, (SELECT id FROM counties WHERE name = 'Camden')),
(10, (SELECT id FROM counties WHERE name = 'Wayne')),
(10, (SELECT id FROM counties WHERE name = 'Glynn')),
(10, (SELECT id FROM counties WHERE name = 'Jeff Davis')),
(11, (SELECT id FROM counties WHERE name = 'Whitfield')),
(11, (SELECT id FROM counties WHERE name = 'Murray')),
(12, (SELECT id FROM counties WHERE name = 'Spalding')),
(13, (SELECT id FROM counties WHERE name = 'Floyd')),
(14, (SELECT id FROM counties WHERE name = 'Habersham')),
(15, (SELECT id FROM counties WHERE name = 'Forsyth')),
(16, (SELECT id FROM counties WHERE name = 'Dooly')),
(16, (SELECT id FROM counties WHERE name = 'Crisp')),
(16, (SELECT id FROM counties WHERE name = 'Wilcox')),
(16, (SELECT id FROM counties WHERE name = 'Ben Hill')),
(17, (SELECT id FROM counties WHERE name = 'Gwinnett')),
(18, (SELECT id FROM counties WHERE name = 'Chattahoochee')),
(18, (SELECT id FROM counties WHERE name = 'Talbot')),
(18, (SELECT id FROM counties WHERE name = 'Taylor')),
(18, (SELECT id FROM counties WHERE name = 'Harris')),
(18, (SELECT id FROM counties WHERE name = 'Marion')),
(18, (SELECT id FROM counties WHERE name = 'Muscogee')),
(19, (SELECT id FROM counties WHERE name = 'Johnson')),
(19, (SELECT id FROM counties WHERE name = 'Laurens')),
(19, (SELECT id FROM counties WHERE name = 'Treutlen')),
(19, (SELECT id FROM counties WHERE name = 'Twiggs')),
(20, (SELECT id FROM counties WHERE name = 'Chatham')),
(21, (SELECT id FROM counties WHERE name = 'Catoosa')),
(21, (SELECT id FROM counties WHERE name = 'Dade')),
(21, (SELECT id FROM counties WHERE name = 'Walker')),
(21, (SELECT id FROM counties WHERE name = 'Chattooga')),
(22, (SELECT id FROM counties WHERE name = 'Pulaski')),
(22, (SELECT id FROM counties WHERE name = 'Telfair')),
(22, (SELECT id FROM counties WHERE name = 'Wheeler')),
(22, (SELECT id FROM counties WHERE name = 'Montgomery')),
(22, (SELECT id FROM counties WHERE name = 'Bleckley')),
(22, (SELECT id FROM counties WHERE name = 'Dodge')),
(23, (SELECT id FROM counties WHERE name = 'Toombs')),
(23, (SELECT id FROM counties WHERE name = 'Jefferson')),
(23, (SELECT id FROM counties WHERE name = 'Washington')),
(23, (SELECT id FROM counties WHERE name = 'Emanuel')),
(23, (SELECT id FROM counties WHERE name = 'Candler')),
(24, (SELECT id FROM counties WHERE name = 'McIntosh')),
(25, (SELECT id FROM counties WHERE name = 'Baldwin')),
(26, (SELECT id FROM counties WHERE name = 'McDuffie')),
(26, (SELECT id FROM counties WHERE name = 'Taliaferro')),
(26, (SELECT id FROM counties WHERE name = 'Wilkes')),
(26, (SELECT id FROM counties WHERE name = 'Lincoln')),
(26, (SELECT id FROM counties WHERE name = 'Glascock')),
(26, (SELECT id FROM counties WHERE name = 'Warren')),
(27, (SELECT id FROM counties WHERE name = 'Colquitt')),
(28, (SELECT id FROM counties WHERE name = 'Dougherty')),
(29, (SELECT id FROM counties WHERE name = 'Grady')),
(30, (SELECT id FROM counties WHERE name = 'Stephens')),
(31, (SELECT id FROM counties WHERE name = 'Miller')),
(31, (SELECT id FROM counties WHERE name = 'Quitman')),
(31, (SELECT id FROM counties WHERE name = 'Terrell')),
(31, (SELECT id FROM counties WHERE name = 'Randolph')),
(31, (SELECT id FROM counties WHERE name = 'Early')),
(31, (SELECT id FROM counties WHERE name = 'Clay')),
(31, (SELECT id FROM counties WHERE name = 'Seminole')),
(32, (SELECT id FROM counties WHERE name = 'Jefferson')),
(33, (SELECT id FROM counties WHERE name = 'Screven')),
(34, (SELECT id FROM counties WHERE name = 'Rockdale')),
(35, (SELECT id FROM counties WHERE name = 'Calhoun')),
(35, (SELECT id FROM counties WHERE name = 'Grady')),
(35, (SELECT id FROM counties WHERE name = 'Baker')),
(35, (SELECT id FROM counties WHERE name = 'Mitchell')),
(35, (SELECT id FROM counties WHERE name = 'Decatur')),
(36, (SELECT id FROM counties WHERE name = 'Carroll')),
(37, (SELECT id FROM counties WHERE name = 'Long')),
(37, (SELECT id FROM counties WHERE name = 'McIntosh')),
(37, (SELECT id FROM counties WHERE name = 'Bryan')),
(37, (SELECT id FROM counties WHERE name = 'Liberty')),
(37, (SELECT id FROM counties WHERE name = 'Evans')),
(37, (SELECT id FROM counties WHERE name = 'Tattnall')),
(38, (SELECT id FROM counties WHERE name = 'Rabun')),
(38, (SELECT id FROM counties WHERE name = 'Stephens')),
(38, (SELECT id FROM counties WHERE name = 'Habersham')),
(39, (SELECT id FROM counties WHERE name = 'Jenkins')),
(39, (SELECT id FROM counties WHERE name = 'Screven')),
(39, (SELECT id FROM counties WHERE name = 'Effingham')),
(39, (SELECT id FROM counties WHERE name = 'Bulloch')),
(40, (SELECT id FROM counties WHERE name = 'Hall')),
(41, (SELECT id FROM counties WHERE name = 'Paulding')),
(42, (SELECT id FROM counties WHERE name = 'Forsyth')),
(43, (SELECT id FROM counties WHERE name = 'Macon')),
(43, (SELECT id FROM counties WHERE name = 'Stewart')),
(43, (SELECT id FROM counties WHERE name = 'Sumter')),
(43, (SELECT id FROM counties WHERE name = 'Webster')),
(43, (SELECT id FROM counties WHERE name = 'Lee')),
(43, (SELECT id FROM counties WHERE name = 'Schley')),
(44, (SELECT id FROM counties WHERE name = 'Brantley')),
(44, (SELECT id FROM counties WHERE name = 'Bacon')),
(44, (SELECT id FROM counties WHERE name = 'Pierce')),
(44, (SELECT id FROM counties WHERE name = 'Charlton')),
(44, (SELECT id FROM counties WHERE name = 'Coffee')),
(44, (SELECT id FROM counties WHERE name = 'Ware')),
(45, (SELECT id FROM counties WHERE name = 'Coffee')),
(46, (SELECT id FROM counties WHERE name = 'Berrien')),
(46, (SELECT id FROM counties WHERE name = 'Clinch')),
(46, (SELECT id FROM counties WHERE name = 'Atkinson')),
(46, (SELECT id FROM counties WHERE name = 'Cook')),
(46, (SELECT id FROM counties WHERE name = 'Lanier')),
(47, (SELECT id FROM counties WHERE name = 'Butts')),
(47, (SELECT id FROM counties WHERE name = 'Lamar')),
(47, (SELECT id FROM counties WHERE name = 'Monroe')),
(48, (SELECT id FROM counties WHERE name = 'Banks')),
(48, (SELECT id FROM counties WHERE name = 'Jackson')),
(48, (SELECT id FROM counties WHERE name = 'Barrow')),
(49, (SELECT id FROM counties WHERE name = 'Houston')),
(50, (SELECT id FROM counties WHERE name = 'Treutlen')),
(51, (SELECT id FROM counties WHERE name = 'Catoosa')),
(52, (SELECT id FROM counties WHERE name = 'Clayton')),
(53, (SELECT id FROM counties WHERE name = 'Brooks')),
(53, (SELECT id FROM counties WHERE name = 'Lowndes')),
(53, (SELECT id FROM counties WHERE name = 'Echols')),
(53, (SELECT id FROM counties WHERE name = 'Colquitt')),
(54, (SELECT id FROM counties WHERE name = 'Troup')),
(54, (SELECT id FROM counties WHERE name = 'Meriwether')),
(54, (SELECT id FROM counties WHERE name = 'Coweta')),
(55, (SELECT id FROM counties WHERE name = 'Fulton')),
(56, (SELECT id FROM counties WHERE name = 'Cherokee')),
(57, (SELECT id FROM counties WHERE name = 'Cobb')),
(58, (SELECT id FROM counties WHERE name = 'Tift')),
(58, (SELECT id FROM counties WHERE name = 'Irwin')),
(58, (SELECT id FROM counties WHERE name = 'Worth')),
(58, (SELECT id FROM counties WHERE name = 'Turner')),
(59, (SELECT id FROM counties WHERE name = 'Burke')),
(60, (SELECT id FROM counties WHERE name = 'Cobb')),
(61, (SELECT id FROM counties WHERE name = 'DeKalb')),
(62, (SELECT id FROM counties WHERE name = 'Pike')),
(62, (SELECT id FROM counties WHERE name = 'Spalding')),
(62, (SELECT id FROM counties WHERE name = 'Fayette')),
(62, (SELECT id FROM counties WHERE name = 'Upson')),
(63, (SELECT id FROM counties WHERE name = 'Gwinnett')),
(64, (SELECT id FROM counties WHERE name = 'Muscogee')),
(65, (SELECT id FROM counties WHERE name = 'Hall')),
(65, (SELECT id FROM counties WHERE name = 'Dawson')),
(66, (SELECT id FROM counties WHERE name = 'Houston')),
(67, (SELECT id FROM counties WHERE name = 'Richmond')),
(67, (SELECT id FROM counties WHERE name = 'Burke')),
(68, (SELECT id FROM counties WHERE name = 'Henry')),
(69, (SELECT id FROM counties WHERE name = 'Long')),
(70, (SELECT id FROM counties WHERE name = 'Coweta')),
(71, (SELECT id FROM counties WHERE name = 'Ware')),
(72, (SELECT id FROM counties WHERE name = 'Troup')),
(73, (SELECT id FROM counties WHERE name = 'Haralson')),
(73, (SELECT id FROM counties WHERE name = 'Polk')),
(74, (SELECT id FROM counties WHERE name = 'Pierce')),
(75, (SELECT id FROM counties WHERE name = 'Baldwin')),
(75, (SELECT id FROM counties WHERE name = 'Jasper')),
(75, (SELECT id FROM counties WHERE name = 'Wilkinson')),
(75, (SELECT id FROM counties WHERE name = 'Jones')),
(75, (SELECT id FROM counties WHERE name = 'Morgan')),
(75, (SELECT id FROM counties WHERE name = 'Greene')),
(75, (SELECT id FROM counties WHERE name = 'Hancock')),
(75, (SELECT id FROM counties WHERE name = 'Putnam')),
(76, (SELECT id FROM counties WHERE name = 'Elbert')),
(77, (SELECT id FROM counties WHERE name = 'Clarke')),
(77, (SELECT id FROM counties WHERE name = 'Oconee')),
(78, (SELECT id FROM counties WHERE name = 'Chattooga')),
(79, (SELECT id FROM counties WHERE name = 'Bryan')),
(80, (SELECT id FROM counties WHERE name = 'Clayton')),
(81, (SELECT id FROM counties WHERE name = 'Glynn')),
(82, (SELECT id FROM counties WHERE name = 'Mitchell')),
(83, (SELECT id FROM counties WHERE name = 'Worth')),
(84, (SELECT id FROM counties WHERE name = 'Clarke')),
(85, (SELECT id FROM counties WHERE name = 'Richmond')),
(86, (SELECT id FROM counties WHERE name = 'Bibb')),
(87, (SELECT id FROM counties WHERE name = 'Jenkins')),
(88, (SELECT id FROM counties WHERE name = 'Gordon')),
(88, (SELECT id FROM counties WHERE name = 'Bartow')),
(89, (SELECT id FROM counties WHERE name = 'Douglas')),
(90, (SELECT id FROM counties WHERE name = 'Tift')),
(91, (SELECT id FROM counties WHERE name = 'Candler')),
(92, (SELECT id FROM counties WHERE name = 'Emanuel')),
(93, (SELECT id FROM counties WHERE name = 'Evans')),
(94, (SELECT id FROM counties WHERE name = 'Lowndes')),
(95, (SELECT id FROM counties WHERE name = 'Decatur')),
(96, (SELECT id FROM counties WHERE name = 'Columbia')),
(97, (SELECT id FROM counties WHERE name = 'Jackson')),
(98, (SELECT id FROM counties WHERE name = 'Wayne')),
(99, (SELECT id FROM counties WHERE name = 'Fayette')),
(100, (SELECT id FROM counties WHERE name = 'Fulton')),
(101, (SELECT id FROM counties WHERE name = 'Hart')),
(101, (SELECT id FROM counties WHERE name = 'Elbert')),
(101, (SELECT id FROM counties WHERE name = 'Madison')),
(101, (SELECT id FROM counties WHERE name = 'Oglethorpe')),
(101, (SELECT id FROM counties WHERE name = 'Franklin')),
(102, (SELECT id FROM counties WHERE name = 'Jeff Davis')),
(102, (SELECT id FROM counties WHERE name = 'Appling')),
(103, (SELECT id FROM counties WHERE name = 'Bulloch')),
(104, (SELECT id FROM counties WHERE name = 'Charlton')),
(105, (SELECT id FROM counties WHERE name = 'Paulding')),
(106, (SELECT id FROM counties WHERE name = 'Cherokee')),
(107, (SELECT id FROM counties WHERE name = 'Pickens')),
(107, (SELECT id FROM counties WHERE name = 'Fannin')),
(107, (SELECT id FROM counties WHERE name = 'Gilmer')),
(108, (SELECT id FROM counties WHERE name = 'Effingham')),
(109, (SELECT id FROM counties WHERE name = 'Bacon')),
(110, (SELECT id FROM counties WHERE name = 'Tattnall')),
(111, (SELECT id FROM counties WHERE name = 'Thomas')),
(112, (SELECT id FROM counties WHERE name = 'Henry')),
(113, (SELECT id FROM counties WHERE name = 'Washington')),
(113, (SELECT id FROM counties WHERE name = 'Barrow'));